user,api_count_total,unique_api_calls,unique_resources,avg_latency,error_rate,region_entropy,hour_mean,hour_std
analyst_1,13,3,3,109.84615384615384,0.0,0.7793498372920851,12.846153846153847,0.3755338080994053
cloud_eng_1,14,3,3,90.14285714285714,0.0,0.863120568566631,12.928571428571429,0.2672612419124243
cloud_eng_2,27,6,9,131.8148148148148,0.0,1.5304930567574824,12.925925925925926,0.26688025634181173
devops_1,12,3,3,129.41666666666666,0.0,0.9798687566511528,13.0,0.0
